route_id,MAE,WAPE,n
DEN-IBZ,87.58216023974946,0.11007899647214557,665.0
DEN-FOR,84.15138057190069,0.11772023493344963,665.0
VAL-IBZ,83.3638934483196,0.14977173913814865,508.0
DEN-PMI,108.98443642150816,0.15746015779585204,508.0
