cutoff,n_test,MAE_baseline,WAPE_baseline,MAE_ml,WAPE_ml,WAPE_improvement_pp
2025-07-01,2346,90.33067187281323,0.1293094122891677,66.50269114046348,0.09519937944366753,3.411003284550017
