flag,count,share
VERDE,972,0.4143222506393862
NORMAL,793,0.3380221653878943
ÁMBAR,338,0.14407502131287298
ROJO,243,0.10358056265984655
