route_id,MAE,WAPE,n
DEN-IBZ,65.09598677785773,0.08181690060230393,665.0
DEN-FOR,66.77991668012805,0.0934191147785623,665.0
VAL-IBZ,58.4899200679749,0.10508310838507848,508.0
DEN-PMI,75.99401224692036,0.10979576123750535,508.0
