route_id,sea_bad_proxy,pax_real
DEN-FOR,0,682.2234185733513
DEN-FOR,1,554.1957186544342
DEN-IBZ,0,775.3589053387169
DEN-IBZ,1,643.9449541284404
DEN-PMI,0,653.9993913572732
DEN-PMI,1,532.6978723404255
VAL-IBZ,0,530.2312842361533
VAL-IBZ,1,427.8212765957447
